Date,0700.HK,9988.HK,3690.HK,1810.HK,9618.HK
2023-01-03,31541576,45393323,37814940,75716142,6894915
2023-01-04,39409103,118636981,42884019,84284859,11835143
2023-01-05,40803927,104685426,45355119,80383189,13064014
2023-01-06,27092487,73315739,34445779,73556425,11143856
2023-01-09,28323733,123720147,43409393,153533290,8859205
2023-01-10,19854116,76284815,31231825,59017961,5864606
2023-01-11,35722217,108863653,48156549,87323242,8159286
2023-01-12,40547528,91858342,36223970,55226443,9990408
2023-01-13,20970696,72120768,37740104,47427580,6449487
2023-01-16,19986153,65734884,58214816,77872795,5128571
2023-01-17,16103837,62173474,34147894,46066888,8091792
2023-01-18,27122730,55425698,32337925,61959126,10610610
2023-01-19,17351698,55515129,20979883,40628591,6765457
2023-01-20,16863710,64593525,27743295,35943876,6492161
2023-01-26,23729091,54550091,29899068,154903684,6191386
2023-01-27,18625209,49008508,19439756,109472891,5555259
2023-01-30,53626689,131046567,55331550,161324229,10769927
2023-01-31,55756238,94863420,32516625,117950802,9233551
2023-02-01,31418879,55654697,35916222,131222555,8013925
2023-02-02,23755405,39931077,26580738,155840025,5792332
2023-02-03,25941959,55271792,28869669,63211494,6676415
2023-02-06,25591052,53151968,43310208,108018475,6718137
2023-02-07,19801656,38073535,22939843,58909026,4720757
2023-02-08,17269537,39292294,105815798,94201792,5734017
2023-02-09,26660695,60791720,42178820,175278492,6530590
2023-02-10,24606130,44532345,46144143,144568255,12439326
2023-02-13,20355691,41478273,36985397,94004353,16376266
2023-02-14,17932457,39436631,26961707,35257461,9095805
2023-02-15,16498472,46755321,31980470,64885344,8234044
2023-02-16,21914350,43292397,34797292,74662669,13546520
2023-02-17,17721575,37616027,25463180,75713458,6859486
2023-02-20,12312675,38508675,19909280,46286725,5989310
2023-02-21,29313236,58373987,34114924,62268840,22613377
2023-02-22,33151555,59459217,26855616,86113597,19767488
2023-02-23,19433112,48408447,21932466,53332904,15161702
2023-02-24,24415893,81538617,34832905,76140115,12274957
2023-02-27,20480043,77371929,28234666,78381408,10191538
2023-02-28,26006206,82590338,31464557,67656036,15577215
2023-03-01,35607254,76906503,35180578,85423517,10224998
2023-03-02,14796574,79258745,17983015,59850698,9798016
2023-03-03,17784504,50893726,22071347,42967550,9105981
2023-03-06,12628083,53347406,20474166,51800047,9953007
2023-03-07,17037998,62222775,33805962,49693351,7839049
2023-03-08,21208344,51977469,39112924,95668955,10066987
2023-03-09,17274863,43587344,27384196,43262911,8259285
2023-03-10,37596411,77303637,69948713,174828294,43661369
2023-03-13,27127633,64694323,31670535,84770834,20493003
2023-03-14,21324692,73040873,24599054,93481420,14841727
2023-03-15,16570551,46739487,20973761,111444518,9224652
2023-03-16,23728825,45643767,21703846,59238657,8984223
2023-03-17,29033159,67317247,36936345,96516397,18824803
2023-03-20,20437066,52567854,20529878,79733626,11644403
2023-03-21,21276362,36073232,18879916,51454131,11079465
2023-03-22,19654793,44553051,27442623,54716717,10701327
2023-03-23,46850205,67377220,55356860,148255361,12582745
2023-03-24,33215505,48345392,43628145,100223599,12333500
2023-03-27,25798653,100519321,95718074,77946657,10765673
2023-03-28,31337657,53162509,50100100,62345310,7329905
2023-03-29,36095299,163130347,76240940,77274033,17110423
2023-03-30,25243232,88453938,34864662,67483886,14622088
2023-03-31,25957481,89687911,47423368,61240948,24058257
2023-04-03,18773494,53752683,32056637,55819222,9360923
2023-04-04,14254252,53862168,41379452,60026517,8033703
2023-04-06,14945689,40751702,28511889,55095054,12979395
2023-04-11,21931068,60954920,23521030,52108705,9024853
2023-04-12,40470596,38659231,24250489,41027945,10761564
2023-04-13,24956481,65547652,27623109,43513614,13821516
2023-04-14,12744724,26025094,23135639,56409308,11727208
2023-04-17,15710199,37951973,30802735,76153354,11257419
2023-04-18,13686354,26770456,15484880,47058837,8085116
2023-04-19,16279391,35119559,24319557,68144926,10183194
2023-04-20,10530854,29866001,35146544,53134376,12571216
2023-04-21,16523648,62592264,22543597,73509272,11385223
2023-04-24,20470625,35872549,17718915,68513619,9038647
2023-04-25,20949955,56529023,31004357,91436900,11030238
2023-04-26,25018346,72936666,18835502,53680228,11282847
2023-04-27,14757831,63401706,15864433,46155383,7979961
2023-04-28,15394102,46940162,15047849,46222658,8128265
2023-05-02,8648798,26572826,10384370,28750297,9336864
2023-05-03,10551544,39306160,9248479,39040498,8607140
2023-05-04,17579228,34428742,14987634,46929937,7529847
2023-05-05,14814925,33666492,19031107,54652158,8147678
2023-05-08,10715881,40005891,13434802,80207601,6663123
2023-05-09,23541440,53328129,21017532,50509669,7426665
2023-05-10,15572919,41918692,22057043,33805521,13575422
2023-05-11,17571687,45547433,21665041,44549242,12467373
2023-05-12,17991214,60973363,30262695,44999422,21710205
2023-05-15,23740493,41392670,32892977,46322771,13391094
2023-05-16,14121222,26388517,17895478,37665723,11971065
2023-05-17,19562717,43307971,16045180,35051967,11128795
2023-05-18,34412000,72221529,15303929,41337058,9925411
2023-05-19,22685856,92873084,29496414,36400641,10896133
2023-05-22,20042131,54249146,24354632,41131393,6265046
2023-05-23,15019611,32115656,18896202,57178065,5136527
2023-05-24,13547979,39045036,15450737,59005592,5589836
2023-05-25,26028377,75187196,34594015,128060617,12264676
2023-05-29,28838839,48515697,93174015,56740130,9573227
2023-05-30,21736553,40606239,45855807,53065128,9767010
2023-05-31,32131907,177424030,87568473,93057851,31696443
2023-06-01,22951704,76088679,45431448,61542516,21801803
2023-06-02,32055423,69157566,63586477,123072680,19619054
2023-06-05,19890895,34970258,29492833,52384088,8637266
2023-06-06,16700158,32679498,23872365,36488457,8797161
2023-06-07,18254900,33719527,20229163,43826349,9050028
2023-06-08,13133723,30975757,20637994,47078257,6799043
2023-06-09,16184167,32630311,27792192,45289854,6664745
2023-06-12,13488760,21072194,17065634,55855012,5380386
2023-06-13,23119808,44562105,24358052,70037515,6543742
2023-06-14,22081967,36808428,18064760,53239286,4856129
2023-06-15,25008358,58981505,52675219,69380544,13180426
2023-06-16,35853943,176510302,71956565,96858038,12783130
2023-06-19,20273905,54103067,23414744,62563818,6885818
2023-06-20,16283873,37315367,21691469,72426672,7948980
2023-06-21,19304438,43362403,25298667,75818523,8278540
2023-06-23,13898721,29149129,16208306,56294874,8687735
2023-06-26,18157220,31955957,18021336,111054264,8800583
2023-06-27,17490624,33586916,16670910,59155194,7918347
2023-06-28,15887756,36259869,16886084,67928193,9659309
2023-06-29,13517437,36238490,18153464,68557766,11448891
2023-06-30,16197039,51987596,22205599,52166419,8073936
2023-07-03,14198462,27847744,18128687,59905978,10049005
2023-07-04,9439642,19606487,12694880,60927043,6734973
2023-07-05,9861945,23226533,12203478,46064834,3465074
2023-07-06,19781825,33922544,22254934,82888187,7700580
2023-07-07,21595356,69003665,19381215,65980986,8837699
2023-07-10,17287899,67683238,14335857,55472209,5877453
2023-07-11,12361269,51083010,12052968,41502779,6739947
2023-07-12,16847310,47490900,26018894,50530800,5219331
2023-07-13,27315463,61069223,46811946,98641098,14165794
2023-07-14,21213481,48280964,25152849,64236224,10220309
2023-07-18,29147987,44406679,17254666,37108329,12104169
2023-07-19,21913296,46154569,21572134,38985346,9558761
2023-07-20,16564481,27696550,15235978,33473401,4882915
2023-07-21,11843920,32113785,14407358,37258049,3848023
2023-07-24,17451591,29727637,16798364,34364229,6472926
2023-07-25,29203653,69490852,41601348,68662590,13870351
2023-07-26,14941840,38602996,17449621,29656225,5044730
2023-07-27,13651548,42983693,23954776,143620772,7226209
2023-07-28,22244305,46062057,40948029,101554772,8283419
2023-07-31,36796567,74290881,48528755,120117443,18408224
2023-08-01,23436211,53949339,26924963,77805242,8944417
2023-08-02,21038298,37885551,25201177,63719154,10221363
2023-08-03,16661383,50021614,13772924,68851250,6298502
2023-08-04,19099499,32949492,19915828,58405984,6944259
2023-08-07,9480118,22359341,11552859,50108937,5325575
2023-08-08,15381749,35528837,20110425,57693569,8909879
2023-08-09,11917732,30298227,10966324,30895968,4939474
2023-08-10,11185881,34598900,12527662,35641014,5429141
2023-08-11,12303930,61924422,17193808,53706668,6007880
2023-08-14,15754526,41572767,16180085,53845667,7781906
2023-08-15,10787439,27712822,11024207,72271125,7033239
2023-08-16,16484843,42124798,10505315,56914563,7357815
2023-08-17,28817958,55171505,16806999,71444851,15189227
2023-08-18,18108794,42258149,17637567,62354458,17175129
2023-08-21,25696855,39147534,21050493,72825809,11659908
2023-08-22,24679965,37262451,23483185,53543733,8280596
2023-08-23,17244848,32126401,16176065,76713639,6598692
2023-08-24,22340826,39372255,42613537,84641753,8943038
2023-08-25,12542511,23103924,43410345,43383467,6677775
2023-08-28,19402834,30525112,24644805,66031713,6023360
2023-08-29,15382479,33359481,20565514,66423181,5915101
2023-08-30,15190035,39173999,24450563,145583131,7796486
2023-08-31,49737237,68704748,42183417,101008498,17121776
2023-09-04,30748869,85600311,42270768,123292187,20415714
2023-09-05,13250752,54564801,20179605,149734406,8667579
2023-09-06,16488562,26538431,20503896,99746238,8197063
2023-09-07,16724228,26196625,24107147,81913109,8990170
2023-09-11,18808064,64101748,23497040,134256350,19094054
2023-09-12,10399333,33461787,15824406,79622506,6790145
2023-09-13,10662703,31205429,13579391,54092771,6427598
2023-09-14,10153112,32653822,14635798,81192176,7515238
2023-09-15,19218155,53342662,22337043,69536968,11461269
2023-09-18,14736625,31917296,13494852,45023516,9895275
2023-09-19,15579978,21904464,21026601,29536286,11605963
2023-09-20,13663748,21150734,18468116,48861190,7836229
2023-09-21,19116385,33742916,25261260,46865077,7654302
2023-09-22,21236877,40153148,24610941,50724271,11004795
2023-09-25,18307015,20742680,19533949,34412095,9053631
2023-09-26,15924558,27428051,18430577,43912124,17008879
2023-09-27,14203461,27246265,32223497,65245278,13797259
2023-09-28,15604031,27187837,45106314,53805707,9100120
2023-09-29,11252646,34608437,19167952,78531382,7425918
2023-10-03,15122710,36631880,25231513,34551749,9165391
2023-10-04,10942209,25898508,22890772,29326117,6847283
2023-10-05,10801914,21793205,16875152,34395661,6681323
2023-10-06,11076858,15175175,14467080,20332229,7431822
2023-10-09,11396304,24082283,18733292,26946882,7159342
2023-10-10,16445252,29317215,32929871,83964556,9907644
2023-10-11,16424531,31718059,35533689,78874600,6948831
2023-10-12,13451541,26037608,23289955,94611842,8739630
2023-10-13,13367440,28548643,24256165,81339936,40812885
2023-10-16,12452816,22249354,17292685,68730078,16265661
2023-10-17,9202480,17701849,11089439,118831878,10018401
2023-10-18,12001017,21876252,18746586,98780782,15618440
2023-10-19,17216427,41786984,23721099,177275255,25950460
2023-10-20,19212180,35074847,26300972,139281025,12990207
2023-10-24,21619960,38345055,32208971,117605001,18259565
2023-10-25,17506229,45615979,28410868,129285123,15220177
2023-10-26,11446711,23719270,17363252,86798824,11405751
2023-10-27,16455031,42806617,21965604,105734369,15340532
2023-10-30,14357754,31881265,20470904,194405364,9831290
2023-10-31,13727382,27394938,17728879,93634298,5371974
2023-11-01,11006036,20894177,15437450,98673756,7568142
2023-11-02,10477412,17414151,23363522,200581937,4548782
2023-11-03,21575201,26892338,27757555,144753242,9700407
2023-11-06,26863379,30546035,39276922,144345254,9012380
2023-11-07,13397743,24603820,18753172,100277922,6720551
2023-11-08,12879809,22210760,18691337,141748758,7371413
2023-11-09,10272208,18303691,11629715,162320904,8392126
2023-11-10,9871831,34168743,20602660,166672948,7459545
2023-11-13,13586029,31021604,24889362,151924036,6955880
2023-11-14,12477388,28959042,21343531,121612690,5044540
2023-11-15,32454690,50397502,33797257,180686655,13253618
2023-11-16,35296026,58203453,25049103,274424480,19953606
2023-11-17,21970164,190538032,28968535,137007416,13989742
2023-11-20,27782719,109101660,31587831,136253912,13348160
2023-11-21,24188659,86788578,34164065,245013470,15826463
2023-11-22,14169841,47284218,18106009,192073449,6837913
2023-11-23,14531153,39544273,20531919,114048365,6392557
2023-11-24,15236522,29509755,17937066,88383132,5397138
2023-11-27,12232068,36613788,19162668,76059066,5193665
2023-11-28,15153725,56690172,70295663,148605750,8587054
2023-11-29,16856744,91555012,207480684,129395706,15107674
2023-11-30,30308092,85244702,64543444,131529758,11123904
2023-12-01,15149684,93686293,101718394,226992234,13866532
2023-12-04,14907238,78421903,54326852,106138626,9475305
2023-12-05,23730039,56325918,56576963,135975691,12432306
2023-12-06,15896242,74529931,37426397,77127748,7681977
2023-12-07,13703651,39815379,42729794,85960796,5711829
2023-12-08,16600566,52123073,49376170,94540322,10925791
2023-12-11,18402157,70139100,39284636,98399725,23702314
2023-12-12,12995914,37921483,26096513,97354343,7714227
2023-12-13,14145125,27833190,36705341,114075094,11319014
2023-12-14,17198776,44998398,26137737,136139527,10803242
2023-12-15,30917917,62228683,61429877,106577327,28156143
2023-12-18,12094993,37723193,28002417,60185771,7963448
2023-12-19,12530326,31969362,93956024,77957733,7574945
2023-12-20,14187408,44579808,41943164,62375549,16275616
2023-12-21,10167030,34236257,35084557,64563507,8675670
2023-12-22,147014902,59400452,48774861,91757167,16015631
2023-12-27,64471032,36876901,27957023,127850403,8423999
2023-12-28,37840686,49312462,49732197,155342841,12534712
2023-12-29,19624685,26301974,24613929,184891499,7247700
2024-01-02,23354069,28567849,22897005,60637820,6377349
2024-01-03,20391718,37529342,21074008,113158917,6883027
2024-01-04,20217430,37563294,24609222,53881228,4594782
2024-01-05,23745017,52087626,19320699,55909939,5027820
2024-01-08,16718452,34239253,32722832,125148672,8995344
2024-01-09,16927478,50769600,52400400,64814175,11759100
2024-01-10,19146068,52717505,45733628,75082322,5495993
2024-01-11,20604580,44861174,56259716,109090904,6559195
2024-01-12,15770055,28180147,34751944,67762190,5737024
2024-01-15,16334371,19966338,0,0,0
2024-01-16,22236094,42678068,42021462,81583680,8955773
2024-01-17,36114167,68277439,70999330,184245293,16975185
2024-01-18,24604079,57626977,60041641,111819184,16211614
2024-01-19,26897479,54296782,40400550,70030994,12478533
2024-01-22,33654810,74043690,61089885,87016435,16209371
2024-01-23,35610787,74570912,65894453,92309898,14441806
2024-01-24,33863638,103474200,61021190,109448247,20918444
2024-01-25,34160783,64649639,44747046,84263209,18498485
2024-01-26,24815795,60517346,37208078,97820581,10761230
2024-01-29,20159014,52527482,27797193,64841120,8842093
2024-01-30,21505998,39880218,28952811,82926712,11299168
2024-01-31,20052974,51391419,41410699,141795486,7077293
2024-02-01,17329472,50417313,31904342,79821509,11207603
2024-02-02,31053753,34666865,35526659,69558141,10337045
2024-02-05,20456590,38569568,44622116,81606974,9479278
2024-02-06,28856902,109957108,57567225,119306507,15710130
2024-02-07,26343654,62186756,47795239,95271998,14805097
2024-02-08,17910672,113581630,29755332,59019381,9851269
2024-02-09,6732059,42137510,0,0,0
2024-02-14,11567444,42049345,26359051,29480353,5862054
2024-02-15,12568028,32587285,21096630,22062099,5123451
2024-02-16,17215356,52343661,31111357,83130851,9890087
2024-02-19,15415304,29322068,39524524,86809268,9221316
2024-02-20,15773028,32254405,21163619,55020181,11009957
2024-02-21,23947218,51979465,62086475,95944593,11055109
2024-02-22,12441270,42773596,41887709,52235249,8052238
2024-02-23,13229798,27579751,49886870,56432229,9888466
2024-02-26,12412426,22212373,30721936,44712709,6722924
2024-02-27,23612599,40440438,46228362,92877053,9709631
2024-02-28,25903478,42583119,39805027,77754329,9110809
2024-02-29,29721885,49333481,45596242,74874764,17404039
2024-03-01,27952651,60262868,112823802,79997348,14329745
2024-03-04,13832089,55605212,80510164,53459138,9592604
2024-03-05,26055083,59448363,54549058,99117229,22703302
2024-03-06,23289346,56159854,44220022,74670496,21595354
2024-03-07,17159729,42526429,55120852,43368825,29527563
2024-03-08,12416156,33041436,25732322,59663848,12622603
2024-03-11,17866889,37032890,32784520,57531857,20227329
2024-03-12,36531141,73206579,65843507,295821714,25208723
2024-03-13,20074418,47435359,52081620,118299566,12638403
2024-03-14,14227432,48282142,29698359,89957580,15545395
2024-03-15,29183023,66420792,60598885,106232795,16502616
2024-03-18,19633305,29947868,30006515,110825105,9995611
2024-03-19,15635351,38328086,22526449,93986286,9010009
2024-03-20,15622235,30531961,23666436,135837454,5510732
2024-03-21,36868686,38991190,37444742,92314676,12432625
2024-03-22,26432205,46657792,40590379,110507208,16202655
2024-03-25,21127168,42502492,87057189,119247446,9172224
2024-03-26,33998571,46925401,36035734,147860646,8559644
2024-03-27,38753084,66012638,32797948,144610632,8621994
2024-03-28,30000843,63275589,68225499,173539152,15731624
2024-04-02,26561604,63731872,47901184,539923703,8226338
2024-04-03,19696947,42103303,25820529,225179872,8298416
2024-04-05,13582369,41301670,23113479,84033215,8997731
2024-04-08,21656541,29316176,23724590,117977816,4917849
2024-04-09,17879375,34509483,20265683,140213601,7257487
2024-04-10,24730145,87693112,36264390,135392416,12158080
2024-04-11,18834968,41223561,29968182,94275932,5841538
2024-04-12,23031342,44688721,25336583,207001967,8898196
2024-04-15,18295291,42987921,23691075,102135567,5830771
2024-04-16,19691636,53443746,32570899,150004413,8739613
2024-04-17,14410544,40972640,23341654,90729174,6820563
2024-04-18,19058907,31609984,25433968,81343612,8804974
2024-04-19,19472600,51647818,43757725,152829967,9215461
2024-04-22,41133325,42767591,34032651,94522377,7587428
2024-04-23,43821652,47335665,67329893,119181417,17308866
2024-04-24,41472682,64630900,75120018,132630197,13271677
2024-04-25,27727556,43558815,41607467,76835421,10219026
2024-04-26,29599531,76974505,58244146,233139880,17505997
2024-04-29,25416523,55367962,58947214,175353396,16217457
2024-04-30,15957023,47495457,31352217,94318755,12279321
2024-05-02,22479610,68356381,54349618,75334285,18233076
2024-05-03,23592345,79294381,47271453,96628783,21289942
2024-05-06,26208326,56218498,49035480,108995973,14862899
2024-05-07,19408056,45448994,42001964,82242465,8841190
2024-05-08,20058148,54000423,30580670,297225949,11089037
2024-05-09,16026030,52298823,38108570,137022563,7448578
2024-05-10,15693045,47295135,27327103,120743190,7766813
2024-05-13,20558084,78841984,35200441,99804853,14569054
2024-05-14,21603101,78159136,38288586,191006970,11643351
2024-05-16,58430778,111040078,42701385,128486893,14900952
2024-05-17,27916392,111456576,31704186,104990296,14162594
2024-05-20,22331961,53129878,28982420,126143823,13811498
2024-05-21,30679849,43053288,29710345,133981498,10233343
2024-05-22,22374764,34490738,19562007,80987339,16948826
2024-05-23,18323988,100353257,24699425,118710642,23101808
2024-05-24,19143321,48522482,26306133,182324263,14245326
2024-05-27,32132068,39037400,21389207,111351692,11062249
2024-05-28,16614787,32245775,15835259,81902009,7031783
2024-05-29,27378220,67568273,41575906,101668386,14081856
2024-05-30,22006500,46353905,49115730,105715211,8526887
2024-05-31,40035868,148283968,70686575,136405438,18668150
2024-06-03,28125374,73997961,32263292,106453297,10309258
2024-06-04,18043066,30437293,36668490,75212318,8831876
2024-06-05,20205424,41354457,28629666,73525775,12572423
2024-06-06,18888938,39115156,37302723,120451138,9243867
2024-06-07,25247259,46037914,73605024,201105124,19544114
2024-06-11,26496779,45378373,72840707,150166213,9788850
2024-06-12,14960058,34449076,33337950,84361187,7249627
2024-06-13,15337042,51382442,37711546,82025721,8636840
2024-06-14,20859332,61962416,37941208,86630442,12326895
2024-06-17,15281150,35419261,28862165,62407200,11105898
2024-06-18,14278934,34574126,28072090,46659965,5585671
2024-06-19,22313477,31831878,35696099,158776789,10115922
2024-06-20,14049005,24354943,20924768,90185310,9148312
2024-06-21,25855005,57906313,40576486,87851069,13998429
2024-06-24,12919565,32160122,26037487,69977040,4901905
2024-06-25,12789522,27467171,24626406,58116612,7581942
2024-06-26,11886907,29066186,18098098,44582518,8209914
2024-06-27,17513758,37688869,27528943,245670671,10517585
2024-06-28,15561097,39388456,28512066,94102995,9632889
2024-07-02,27266647,43280648,27443010,62421619,11626572
2024-07-03,22256951,38913160,31244921,68480845,6863954
2024-07-04,15437093,30491758,35834785,47136649,4204980
2024-07-05,10522095,30464780,23440790,50780567,4995561
2024-07-08,11623215,41071018,17430565,54387650,7800537
2024-07-09,13024401,33931545,32986108,83646140,9086495
2024-07-10,15586645,35940892,30789640,81314076,9272374
2024-07-11,16590064,48693395,25270801,69245590,9029729
2024-07-12,27521352,65804366,42746740,84861492,12848942
2024-07-15,13680185,40320270,20533862,75353380,9536268
2024-07-16,19061149,33288019,18714084,66641300,9798416
2024-07-17,25857823,43176485,23222975,71347036,8369289
2024-07-18,18944747,35852222,22116025,69357199,5174988
2024-07-19,23088518,42933703,29688510,70888406,9164098
2024-07-22,16960926,33903557,30662005,117875122,4754611
2024-07-23,12104461,29397901,28762101,64433875,5279349
2024-07-24,11800216,24392950,42947253,91652264,5824334
2024-07-25,25787277,28685062,52401441,72854684,5237869
2024-07-26,13267324,24685769,27148879,64273609,7380146
2024-07-29,12872249,74410239,17136896,82843861,5797698
2024-07-30,9749595,42711031,17955125,75799866,6356280
2024-07-31,20304313,63322191,21711841,93621817,10273622
2024-08-01,12412285,38913402,15275269,50657487,14151808
2024-08-02,17707597,36160705,40365144,132911168,7668304
2024-08-05,22963458,49548357,41740738,137905794,9615737
2024-08-06,17674374,47939836,24808382,74328521,8535159
2024-08-07,15840290,39385356,20383337,51826337,7532838
2024-08-08,18811540,49320546,25310352,57560855,6599583
2024-08-09,16353916,37944538,19633016,104527148,5115016
2024-08-12,10215275,36296039,22028432,49506251,5645290
2024-08-13,13590391,31992760,24773088,89113360,4867450
2024-08-14,18692686,35577408,14885295,42244264,5233998
2024-08-15,21443850,69314475,23016192,94551112,8664745
2024-08-16,16414338,86304798,37261404,71246541,21019773
2024-08-19,15210162,58682838,17188364,123269250,15036115
2024-08-20,11852608,42535840,14669733,79865450,10894015
2024-08-21,11647083,51464907,15349800,98036616,68726949
2024-08-22,16786859,40296293,18083963,434622724,19718862
2024-08-23,13055635,43575656,16679813,123160023,11966687
2024-08-26,16251125,47740986,18754675,85190286,24792182
2024-08-27,13675535,85310659,42738256,88144342,16786491
2024-08-28,14602521,38782872,43855211,76185975,15531874
2024-08-29,12890430,42829550,88880692,69733894,12215844
2024-08-30,30873303,109667309,74886388,177604614,27527908
2024-09-02,13878671,53674093,27217094,81454069,8989836
2024-09-03,9814885,27709377,19616696,66363685,4588106
2024-09-04,13278870,28553946,27521023,106320627,10613993
2024-09-05,9576319,29214099,24972705,94213782,8587971
2024-09-09,20078164,79250807,38187905,149404091,15785695
2024-09-10,12303441,206633087,21838708,81163590,10854893
2024-09-11,12043623,83945417,23022020,74641703,7681109
2024-09-12,13800366,83669607,41248772,69973131,8891733
2024-09-13,11013765,59196273,28574247,73146752,4603415
2024-09-16,7689238,26558684,21336151,27267287,6451995
2024-09-17,10147851,30485324,17621881,44239073,9140642
2024-09-19,25801963,109112014,53919649,127470344,23899137
2024-09-20,28407069,122726621,60241060,134110539,17251225
2024-09-23,15223032,69609537,37934059,196007468,13739549
2024-09-24,42919010,141958511,58311925,231382970,33165967
2024-09-25,40112126,159777709,75294115,295113558,28488437
2024-09-26,50254878,203287208,84240850,277149964,34768705
2024-09-27,57154793,198337444,127235353,347881602,47797976
2024-09-30,75459468,250502801,102848272,336102598,50016517
2024-10-02,48766943,179685038,111032616,251108945,45744282
2024-10-03,31600782,138390517,78089168,190305304,45132324
2024-10-04,24663665,90914228,72028503,149949209,26538078
2024-10-07,25334387,105041570,50709476,218062756,24305099
2024-10-08,70468024,252168999,129061135,453596652,47649791
2024-10-09,46372903,177757025,108218713,311173505,31419471
2024-10-10,33111230,104808386,68711009,168957063,18590330
2024-10-14,30316807,79240625,62345605,179121230,24134724
2024-10-15,33478410,113107803,69635778,154001004,25564137
2024-10-16,22490256,67551937,48202224,99985996,22066852
2024-10-17,16476899,65933840,37092810,126553025,16272763
2024-10-18,25963857,119104755,55680008,198754528,23802259
2024-10-21,16334100,63514538,32248970,164914336,17699380
2024-10-22,11027704,48715559,25949808,91419386,13297848
2024-10-23,14656951,61919784,45149007,188180918,10794964
2024-10-24,11202752,76909887,29157453,108534234,12061663
2024-10-25,11951879,53441957,24837829,184518253,7852941
2024-10-28,15551935,69415882,19619475,165990392,7184912
2024-10-29,13797786,57004880,32660150,130524256,11705277
2024-10-30,17895482,51472115,25149030,164014844,11948683
2024-10-31,22753709,47207811,18630573,199192208,8353682
2024-11-01,21086569,38347683,21507197,198123879,7662567
2024-11-04,11706119,31007532,14033434,146030485,5991618
2024-11-05,15270863,50986901,28395939,143702336,7253485
2024-11-06,20755203,88756404,38093891,179735496,17258974
2024-11-07,19924018,57481876,42255252,201079990,12510690
2024-11-08,19389836,74794561,39449252,220119217,15683497
2024-11-11,22857586,103787086,39159080,261301204,10836896
2024-11-12,27303282,89444897,60520914,185336411,19253570
2024-11-13,28307185,63573164,36152267,145984202,14041060
2024-11-14,34898922,67262128,33412299,155298014,18896815
2024-11-15,29061324,49182995,26486305,117132035,16384486
2024-11-18,20493537,70101208,28205598,162095850,14444133
2024-11-19,13879296,68824611,26059344,209931014,8753612
2024-11-20,15005135,70389532,23492659,113721056,5058507
2024-11-21,12501718,45741828,14104129,102041844,8301033
2024-11-22,16949546,110110185,25731303,254978108,17737130
2024-11-25,27888308,163133423,54935851,188253473,17860146
2024-11-26,16940574,78159824,25797668,175996227,11752469
2024-11-27,16685594,56559911,41736756,161187829,12799681
2024-11-28,13067643,45005738,24252235,100416130,11124648
2024-11-29,15626995,36163262,40356999,116296536,8237247
2024-12-02,13334410,55668722,66398327,130374633,10532772
2024-12-03,18362569,45041216,41771143,169130914,10169128
2024-12-04,14053234,57896484,32453687,112163595,9154441
2024-12-05,13314801,66632997,46562493,106667106,13759352
2024-12-06,27711445,73451040,63874792,189456485,22018351
2024-12-09,22461949,90092033,58871653,223798144,18060947
2024-12-10,30282843,97398890,70828812,193229427,20477627
2024-12-11,13098201,51946094,29501888,123085951,10428396
2024-12-12,23414258,64845532,39912261,145098808,15938415
2024-12-13,16296064,61023463,37180662,157878633,17973757
2024-12-16,14059845,47958063,27168729,140659846,7875004
2024-12-17,16779048,52558686,33855934,133233564,9084175
2024-12-18,14906072,35976303,18611465,86680411,5347904
2024-12-19,34671236,56263173,20597561,85886142,8105059
2024-12-20,44834041,132887681,34086217,204413958,23018242
2024-12-23,20856154,57974855,31530269,97720054,6401037
2024-12-24,0,0,0,0,0
2024-12-27,13545082,44013080,23550112,263910660,8639058
2024-12-30,13515622,39010940,25450241,156035423,5818998
2024-12-31,0,0,0,0,0
2025-01-02,20733037,48562393,28715165,182385452,10338375
2025-01-03,16843241,57859265,30511065,338723918,9781570
2025-01-06,16869318,36259231,27783624,166161841,8152282
2025-01-07,142920468,57807719,30932550,432841993,10120538
2025-01-08,95456188,51033856,25790556,298899129,10327410
2025-01-09,60578450,38857402,26551311,171639459,5896281
2025-01-10,37053933,49178401,30901748,122895840,6650231
2025-01-13,34785015,47082642,37818018,126426992,6263756
2025-01-14,40623785,62238203,58761811,122182323,11784415
2025-01-15,29158255,34729525,29515844,79201609,7551753
2025-01-16,26141103,40303852,37707184,137814016,7810928
2025-01-17,17138321,40613226,20474850,94838569,19783768
2025-01-20,31141403,92760400,62838210,166721242,21426774
2025-01-21,25249668,45376591,41021524,136275839,11460196
2025-01-22,17859069,50020729,39709233,106122696,23216064
2025-01-23,21256810,35695244,25525543,124771415,10582489
2025-01-24,24079119,56000920,39355209,288470060,12839453
2025-01-27,23605938,77324541,37485511,154106703,10348930
2025-01-28,0,0,0,0,0
2025-02-03,27917841,137951734,42691211,143592266,16874796
2025-02-04,31276268,119029715,52094377,141166344,17827300
2025-02-05,32129392,130268715,48027206,165406601,15836502
2025-02-06,19585105,82663790,35817495,174418873,8374946
2025-02-07,34567530,111035834,49976855,282921470,11026726
2025-02-10,31411302,154940987,65305089,178623301,11303750
2025-02-11,30893563,133001073,56360376,210014328,11564784
2025-02-12,38264929,215324934,114470084,196220080,17600967
2025-02-13,60985718,336901993,94924956,382423053,27373656
2025-02-14,74519223,267121701,75772482,349956076,24858873
2025-02-17,126223580,293596265,85909353,273310085,17128732
2025-02-18,62529454,197776235,66733331,325734161,16099549
2025-02-19,34127174,148288754,46995938,243337561,13987154
2025-02-20,34549151,178330455,90728227,275542159,13279250
2025-02-21,73545153,329402607,85995656,308362585,17894279
2025-02-24,67542767,222538792,62554358,208345620,14895758
2025-02-25,56509529,234415866,52752020,332349383,16418884
2025-02-26,40489654,197155020,100972406,395453828,27699130
2025-02-27,38902820,180178311,62385994,842011809,17368443
2025-02-28,52160819,209019085,64070709,667093154,16684324
2025-03-03,32752021,164140645,36975379,466253103,18694436
2025-03-04,31124964,133778504,23331992,338725813,9078856
2025-03-05,35165757,132295744,48079120,337625486,11230845
2025-03-06,79683892,198863431,68514831,375438239,27581261
2025-03-07,46494425,250700100,75915127,355629253,34873936
2025-03-10,34415026,179071477,50030702,223961425,21324098
2025-03-11,33852768,157697693,47328733,223343033,22572980
2025-03-12,28031056,124456918,39260107,241938609,17331449
2025-03-13,27326941,101846984,38849089,187000372,12843862
2025-03-14,30711707,108673140,44151948,229901198,19093438
2025-03-17,22096160,72542321,37555448,221496225,13084601
2025-03-18,33639833,145909264,41082229,258147732,17627921
2025-03-19,31604153,83578664,38845173,371387356,11341539
2025-03-20,49845030,113971960,44029819,254323500,13554596
2025-03-21,42260479,143069660,49899045,271392247,15013036
2025-03-24,24598555,90778453,61238376,206959960,9185640
2025-03-25,27744935,104041459,43845502,1341045814,9389015
2025-03-26,17310634,57480050,26504416,180066074,9153598
2025-03-27,17595617,63397449,25666765,359693846,7523847
2025-03-28,18594342,66594496,23655795,369242633,8950924
2025-03-31,28036973,78698386,35770136,342788934,6875716
2025-04-01,19518013,59194990,22898803,590405454,6763957
2025-04-02,14247546,61236236,18784941,635758232,5972448
2025-04-03,29219618,165415092,32917192,449295312,15572015
2025-04-07,123364114,392361045,98058866,1037869822,43949826
2025-04-08,65120104,291748687,80514588,715006887,41666302
2025-04-09,66484213,251724654,70467850,679302084,27009831
2025-04-10,57799983,239469665,72400269,526260423,23343085
2025-04-11,46594597,178687575,51245697,357167818,20247413
2025-04-14,30346489,166612582,33857822,422983277,17292261
2025-04-15,20245398,103926447,24286799,164977321,12226438
2025-04-16,27322773,116440525,78561767,315328932,18319471
2025-04-17,24479822,113941562,56895776,190654146,10658510
2025-04-22,24043746,118989644,110254462,280722543,33988518
2025-04-23,27001392,142919552,54953599,365404799,26374585
2025-04-24,18912016,91662927,75864030,238445758,43918714
2025-04-25,28746958,82127311,56566102,166617135,21194464
2025-04-28,13805160,67368966,55141223,90590615,18225414
2025-04-29,16367401,63943734,55426571,101336853,15966800
2025-04-30,15312733,68302501,47460144,241882505,12415165
2025-05-02,13240838,72747697,28920212,140470309,17681775
2025-05-06,19813305,89828348,87006642,187805038,20884988
2025-05-07,25616342,105915833,58771688,236141700,17948326
2025-05-08,19815740,70065236,39204516,154551212,13168759
2025-05-09,13777285,64212711,26978060,99875196,11381493
2025-05-12,35846811,163626351,66601665,356285408,26348682
2025-05-13,23119901,110675822,54387262,220529075,16796654
2025-05-14,24294663,88967136,47614723,174012139,21966646
2025-05-15,32799956,83762982,44033746,155216057,20773139
2025-05-16,21334027,146404177,60689121,121417523,20699129
2025-05-19,22457714,124103481,52631525,217541110,16879938
2025-05-20,15792185,63599789,35438230,228019851,14041319
2025-05-21,18924042,48764348,32045978,189822108,9292766
2025-05-22,14281176,77869662,30893775,199909799,9318454
2025-05-23,16262610,66708012,37290455,154706274,6727839
2025-05-26,17286567,61541743,95490174,146415432,7951362
2025-05-27,14986877,52883817,92728255,125291611,19067891
2025-05-28,16813826,68081387,44849657,202977342,10818992
2025-05-29,19368449,74783592,110427776,141573959,25690114
2025-05-30,28284004,204654182,67729328,206927837,22555094
2025-06-02,13086586,73453819,29861371,90313999,11405309
2025-06-03,14609189,59256715,31827489,166500674,9117797
2025-06-04,18378499,73216251,60551727,176765410,14148878
2025-06-05,19329282,77117941,56000955,130837735,13169176
2025-06-06,13137101,75163798,41913440,125424396,16518729
2025-06-09,18481403,84322573,59982755,122376420,20752058
2025-06-10,17039003,54323007,55184136,115707297,11193480
2025-06-11,14784979,50080516,41562132,147412093,10862759
2025-06-12,13368048,82878015,41489094,142552461,11954081
2025-06-13,19085310,122464076,57660518,176077650,24065566
2025-06-16,13784320,73900525,43857495,220357669,10604032
2025-06-17,11524031,59968684,25920440,71275572,6490498
2025-06-18,15187515,55865417,45725864,64270680,8916181
2025-06-19,19387767,55573686,61441168,92603544,20978668
2025-06-20,20622275,106839365,45495479,88197055,18234214
2025-06-23,14252887,68537835,58256443,138863960,13699454
2025-06-24,17768858,66616313,67005171,222470141,13846575
2025-06-25,17592461,79338255,51771073,146460085,15239326
2025-06-26,15000643,86859946,36118238,126954433,10781497
2025-06-27,15181667,75942306,44855347,481216668,16008304
2025-06-30,18464531,90192013,71889200,260498936,12949308
2025-07-02,18203168,88248907,49628850,140611857,13455540
2025-07-03,18956331,155395466,67794577,234219003,17251226
2025-07-04,14658173,106812953,61959326,132200659,17595224
2025-07-07,11631687,81216305,83139176,81234333,15985896
2025-07-08,13172857,81928731,61606923,101372801,9284825
2025-07-09,17820435,134137844,49539878,100963784,11166261
2025-07-10,14032556,98855593,46874068,96327664,15803091
2025-07-11,19225560,115975182,59292989,88544316,16937160
2025-07-14,11704663,65552727,37669963,73284998,10640122
2025-07-15,27446891,195489816,89410007,125984834,21738410
2025-07-16,23250693,144295161,68803291,103019857,15128348
2025-07-17,13735794,74908706,40731440,165115655,9099498
2025-07-18,13781113,83105716,40295446,96759733,20590635
2025-07-21,13273287,95474095,83230227,124108750,20128298
2025-07-22,17600260,63352702,56136421,69281026,9942916
2025-07-23,46744850,119661760,72661334,109878070,20208002
2025-07-24,24180342,77592812,56625778,83030716,15439519
2025-07-25,19886923,63455940,50780870,115972199,11216257
2025-07-28,14661199,69215231,35482986,111282561,8050512
2025-07-29,16847424,59019387,42962406,244366193,8922156
2025-07-30,19362555,88754280,46172472,134783729,21601896
2025-07-31,20453269,97698587,96061772,192541289,19773600
2025-08-01,21203861,75031091,55437231,125345524,14724532
2025-08-04,17340007,50516068,34769687,98427945,10592054
2025-08-05,17347823,52371110,30068857,93018842,11862607
2025-08-06,20737133,73715023,45089472,60265442,9200765
2025-08-07,16940382,66845112,29091754,314366077,13755622
2025-08-08,13305719,60373207,21911956,137470985,8428565
2025-08-11,11790350,43065055,39684143,126045702,9121178
2025-08-12,13827897,55676119,32006831,143542082,10202409
2025-08-13,37596415,150500459,54998562,153181037,18061549
2025-08-14,36339315,83916791,44651247,108675681,12991544
2025-08-15,22176876,110541625,62448840,109819085,28595222
2025-08-18,17590658,76093381,39442216,116003641,21398654
2025-08-19,16359474,55732895,31105236,113367681,8995656
2025-08-20,15952765,62830049,25371797,158096364,9547463
2025-08-21,14290178,66716053,70414468,146082650,9957126
2025-08-22,19378950,73604857,55624919,136883366,12883333
2025-08-25,25694519,162992103,82491028,177494474,19884498
2025-08-26,20656474,90253630,46013154,99660025,11008444
2025-08-27,21263402,114213258,80540435,142623874,18825418
2025-08-28,21712370,171962832,309557433,122487011,29732078
2025-08-29,18234935,110429482,113304631,124328553,19682921
2025-09-01,15958837,404948185,132661260,150727171,17495761
2025-09-02,14808157,166594096,73829916,258956888,10962410
2025-09-03,15523985,104631522,64088481,135032978,14607782
2025-09-04,18003934,148595855,63068026,105461452,11194250
2025-09-05,19047729,127450276,101979886,106533001,20382243
2025-09-08,21815489,147299900,96814388,104793576,10859107
2025-09-09,19871460,181120225,148686738,173784267,20087889
2025-09-10,19193376,181722198,94064361,141897510,34449535
2025-09-11,18191860,174456621,138996794,120401766,12959216
2025-09-12,20780375,170663495,108406343,137019643,19492410
2025-09-15,16371242,146193613,62754919,127441311,12845549
2025-09-16,13339685,111088746,95908509,107755148,13469755
2025-09-17,22349048,156646724,139083488,172994425,30635965
2025-09-18,29989898,209809246,124934835,182477097,19037627
2025-09-19,20805608,138827373,64899879,174859789,22881305
2025-09-22,12899662,103208970,70033614,108494957,15017762
2025-09-23,15293080,119175251,58944762,84350249,24681900
2025-09-24,18440788,261023658,60736788,118307200,14883510
2025-09-25,17384258,172333447,45966392,328411483,33321172
2025-09-26,19504951,152987253,40317300,415512054,14308826
2025-09-29,20489556,134259119,58610731,332142837,16670663
2025-09-30,20610633,135460219,71076759,211943325,13386682
2025-10-02,17137745,96036992,62226576,101931615,20985894
2025-10-03,7125093,56780997,33287609,62150942,11171880
2025-10-06,7828323,49211980,30205074,52592486,8349301
2025-10-08,10540730,75252197,37052377,84169990,11829547
2025-10-09,14454705,158029622,48363814,127345006,10087126
2025-10-10,19904705,186753966,47852870,168448674,14114743
2025-10-13,38012175,282816644,85317769,488936850,26684816
2025-10-14,26797863,201534774,56742746,219783395,17562863
2025-10-15,18381023,111159729,39259817,119162669,12781596
2025-10-16,14285465,73190193,33048302,248814161,10389455
2025-10-17,18654519,133552318,72221262,264728170,12926726
2025-10-20,14963360,98042110,39887843,139718028,10271485
2025-10-21,14171988,110624314,39365037,164163711,9595574
2025-10-22,9979448,67640668,31999681,121391262,7253676
2025-10-23,12419348,86447894,106954704,106829656,8345895
2025-10-24,11997034,84064278,53974824,170946122,8445281
2025-10-27,16043970,96795907,56223912,282836746,8853659
2025-10-28,16295470,78492657,38000867,184222833,6600492
2025-10-30,21772780,112254088,100543878,246926143,14423687
2025-10-31,20578283,97457096,39102336,139914873,6989903
2025-11-03,11591004,74773287,31041608,210374637,5362005
2025-11-04,14972125,89529769,44273602,136346196,10856773
2025-11-05,13309811,94071358,42049675,127723032,12199635
2025-11-06,13081287,83528391,42887298,122167159,9247285
2025-11-07,13314360,66709927,29757750,175915458,7019975
2025-11-10,14513815,57596575,30303643,163981822,7528870
2025-11-11,13087772,73054852,41269159,152392565,10012848
2025-11-12,13658568,96741580,24968884,219603402,9102999
2025-11-13,17299913,155447392,33815896,158595312,12092692
2025-11-14,19956444,101354219,35419273,139429210,27150506
2025-11-17,13794477,113907864,28915570,131317369,14026491
2025-11-18,18818609,102880519,33786187,214473888,11826634
2025-11-19,13959708,71141046,25108369,480542429,9909252
2025-11-20,14015988,65486765,24966349,348136827,13266682
2025-11-21,23732050,141043093,46164332,417607492,16209520
2025-11-24,22376801,199790253,38950345,236144311,21419215
2025-11-25,14877620,147102629,29485452,317034207,15067944
2025-11-26,14429595,110863259,128129815,200500143,13777502
2025-11-27,15493209,103303822,58022656,209296970,11080169
2025-11-28,13216245,66572166,43785936,85614446,9249406
2025-12-01,12643338,93259220,86464495,195409729,9511983
2025-12-02,11460186,74133971,80744936,140246380,7615396
2025-12-03,11002158,54076752,39051180,107270957,7859439
2025-12-04,15329748,57110210,49912883,186514763,8972978
2025-12-05,14638391,78815068,44529788,274587981,14790746
2025-12-08,13421327,75226835,31145522,242628730,6310171
2025-12-09,17431321,69789164,36058225,182989838,9213992
2025-12-10,14750743,61369895,51497713,113257196,8796504
2025-12-11,12480887,59433982,41406607,123140679,4875060
2025-12-12,17825495,88532981,85213513,243323268,14246121
2025-12-15,15165502,94298860,38535431,132614562,8616416
2025-12-16,15987678,118119058,32115324,145947185,11148958
2025-12-17,14824785,60486179,38155110,101356700,10265864
2025-12-18,10153604,47014025,22759882,128195819,4946925
2025-12-19,17765762,70392591,50727640,108587118,12601344
2025-12-22,13868060,58877432,31556484,165917014,7906246
2025-12-23,15623392,47601549,21108052,127074303,5676788
2025-12-24,0,0,0,0,0
2025-12-29,18502650,62656820,56811243,195594721,8879485
2025-12-30,13582535,60201594,32946951,107157354,9386468
2025-12-31,0,35628222,0,0,0
2026-01-02,16200058,48902470,24476486,61202300,8695252
2026-01-05,19947025,102834720,40887247,159063197,10453025
2026-01-06,24168431,112004139,47681423,196715183,11779827
2026-01-07,21378622,149677478,43863326,190926334,11518144
2026-01-08,18742539,107421412,71725824,173278787,13487302
2026-01-09,17813669,115234256,71605201,124268815,13812469
2026-01-12,27530129,164580300,108743770,213876786,10290561
2026-01-13,24212695,153153842,52013088,209118651,12940625
2026-01-14,28677291,244622843,80092305,176626667,12998960
2026-01-15,26194252,133061563,39093176,116208908,7960677
2026-01-16,20616793,79370877,37523001,197999131,10580579
2026-01-19,13233330,72500898,37288820,182457077,6024636
2026-01-20,24332228,55456218,45401371,224571684,8737424
2026-01-21,16003431,67441221,38515912,266881560,10226076
2026-01-22,27168713,59810988,34480371,134701337,8256681
2026-01-23,19177660,93252549,37200891,178365582,9828732
2026-01-26,17439619,67819829,31250095,156493519,10532195
2026-01-27,23887447,73661350,27407450,113268822,14654490
2026-01-28,25577066,102209414,39950423,149736767,15557923
2026-01-29,22951530,67539478,27680308,181865895,14861889
2026-01-30,21479886,75134065,28956959,142212291,15632455
2026-02-02,27926332,100747598,54620063,184610777,13829763
2026-02-03,65128647,111086312,50436330,141720849,10698271
2026-02-04,60374834,71689072,53329150,181137056,13178141
2026-02-05,79306977,89720504,39784843,203360331,14545393
2026-02-06,35402860,78125091,39226920,134239254,13305426
2026-02-09,26375723,58582947,42466515,123593633,7827278
2026-02-10,29211865,58402811,74372071,107406481,11390711
2026-02-11,23759058,51639528,37829736,223116919,6850343
2026-02-12,39790780,56768511,90415198,143588099,7935520
2026-02-13,26900740,69945660,99656113,127717263,13708742
2026-02-16,0,0,0,0,0
2026-02-20,21351884,70273864,27220396,93269892,8122746
2026-02-23,22136687,44852186,65205703,85749873,10400125
2026-02-24,36134943,82838070,67807380,142300259,11228354
2026-02-25,22838866,47742854,39932923,95406041,11752769
2026-02-26,25547825,98872855,40036885,122377342,14245518
2026-02-27,32229030,88719769,42462533,136362387,11576972
2026-03-02,30816358,134838521,57081668,316564745,15724548
2026-03-03,27370602,88507248,64441703,279341876,16960919
2026-03-04,32965198,163124992,62511701,205303841,23737725
2026-03-05,23955443,141677427,44459291,134042468,18033650
2026-03-06,30359878,100859931,81436279,293556057,48151193
2026-03-09,31383491,102893047,67180598,176802011,23771929
2026-03-10,57862244,98445281,46241432,144887256,13555673
2026-03-11,47623240,61695884,39917143,127324683,8840612
2026-03-12,19663840,57889342,37947010,78757356,8770540
2026-03-13,17183958,51862084,18836697,90631843,9895902
2026-03-16,24217363,50025123,38287519,227090440,9999042
2026-03-17,22872974,76247583,52313278,206256757,7665981
2026-03-18,21350876,108384226,26863720,138424731,7938873
2026-03-19,59432770,112049539,50616607,348023057,9831672
2026-03-20,24924662,206068855,64632837,396613712,21697532
2026-03-23,35123702,136352855,54303511,252029044,19055693
2026-03-24,29358876,86973171,44636705,167841875,8148970
2026-03-25,37353909,148277825,252756064,313561967,18278547
2026-03-26,22623215,87500096,121140962,200494255,17228223
2026-03-27,20345920,53442572,99424658,143817444,10465238
2026-03-30,28410968,80519074,60221748,146061694,13019171
2026-03-31,25801397,72026359,41291471,173246657,10114180
2026-04-01,21275055,67832865,57818900,158899200,8581179
2026-04-02,17030828,95121535,47181021,260224828,8000443
2026-04-08,32856156,181819816,106097187,256433453,14245698
2026-04-09,20722763,82451818,34932772,168319928,11053570
2026-04-10,20671874,78382509,31529595,168300156,6118243
2026-04-13,21140848,51100996,23659777,118774442,6643006
2026-04-14,17833779,52390198,36646937,108582040,13878249
2026-04-15,20288791,95222677,37510423,105366843,23272509
2026-04-16,22559081,127392595,44399802,183635718,15218068
2026-04-17,13747249,83379143,46743644,119020532,8807963
2026-04-20,23428202,71204282,36368973,125873323,7966703
2026-04-21,13113816,44920044,24682917,72569687,4823387
2026-04-22,23170931,69494718,31118161,81506568,7945596
2026-04-23,23497267,54768842,27552166,135471125,4895719
2026-04-24,18566187,63648525,36155043,77321253,5704531
2026-04-27,45048027,51858735,39390929,88584715,8177593
2026-04-28,25793090,72924924,33674973,211802864,9620882
2026-04-29,19321018,59643280,45687332,167446422,7489993
2026-04-30,38406905,88190461,45918845,284581634,5661428
2026-05-04,23758824,67792478,16917991,234369711,6885389
2026-05-05,13004679,25517465,10874630,110953102,5698308
2026-05-06,44367227,115976497,38773772,208359203,8503103
2026-05-07,40989511,116084635,41734088,142253475,11229420
2026-05-08,25207039,59348966,24167472,132137552,9354542
2026-05-11,27814648,98275069,29716251,113289085,8877112
2026-05-12,32469707,57483637,25067034,96395374,10169530
2026-05-13,26616535,89332520,63062497,102172260,34312231
2026-05-14,39339032,171292701,56592595,160864410,20375443
2026-05-15,26449868,90144879,41139543,152641980,11414370
2026-05-18,29497076,94625028,41351975,116608436,9055436
2026-05-19,33736701,75905647,30801678,89701522,14044443
2026-05-20,18927606,64904996,25163892,109868643,11012910
2026-05-21,39653795,124833824,45111086,117068449,10605145
2026-05-22,23998219,67105437,39784370,100960958,8256004
2026-05-26,32795639,81943801,67357066,148283733,13832084
2026-05-27,24863984,73913384,34078568,283417486,11561099
2026-05-28,42196103,113734767,94713412,238003859,14344170
2026-05-29,48005475,106781469,81724196,248812612,23268028
2026-06-01,35164391,64910941,72625452,164616523,9254205
2026-06-02,101874275,126607691,136662320,178513477,20288679
2026-06-03,49104320,90810223,83942077,142370227,12027955
2026-06-04,29053909,60737375,43047835,88262656,9732548
2026-06-05,31649780,75982909,57489919,154054795,14865080
2026-06-08,29019096,84021112,63060620,152036878,8977367
2026-06-09,37387399,66707175,34253879,103973917,9044690
2026-06-10,35788237,115892674,56328337,226252092,8768750
2026-06-11,28580619,160350719,34922354,124356371,12831259
2026-06-12,22334646,74743889,47407244,131880583,20296128
2026-06-15,19748938,83179704,24420087,94789343,7699682
2026-06-16,24323142,69138026,40104507,113820644,7094792
2026-06-17,16962334,71467113,22507016,109311095,4990660
2026-06-18,30119117,160333163,68421090,199675798,12629774
2026-06-22,31563111,99214294,57148117,241866864,11335839
2026-06-23,43435789,98049349,33267703,244561408,12189261
2026-06-24,39958288,103216499,53080662,219904218,16620236
2026-06-25,29472428,141402714,63246385,178920826,10514131
2026-06-26,31872909,176208269,84453570,191622768,11931573
2026-06-29,33066070,123324036,79469292,206092162,13468258
2026-06-30,38994409,89897596,65133829,173878074,15331749
2026-07-02,40905100,106165597,68122830,222813169,12471925
2026-07-03,24957296,67295654,33741448,268232162,9024469
2026-07-06,41502083,81423639,50530384,160205588,6899551
2026-07-07,55418434,100211364,117135979,202757349,8267955
2026-07-08,56278627,282125685,72737280,409721593,12702292
2026-07-09,42402152,190535828,55805531,348613728,11339716
2026-07-10,40440298,103843838,38059821,254498794,10402713
2026-07-13,24291842,100489536,40167927,206564861,12708758
2026-07-14,25540540,100890456,49973353,235763261,8673752
2026-07-15,33780856,112769038,88085818,151795185,8828076
2026-07-16,42851475,153608858,100388858,319311311,9465646
2026-07-17,36237657,125635830,79212029,279882322,9434392
2026-07-20,30822839,125351835,63809984,167547303,12033595
2026-07-21,21362780,98262426,33366001,158569307,14432085
2026-07-22,66379871,120611396,40530626,147613446,6873618
2026-07-23,22888528,52344763,63249932,87139468,3373518
2026-07-24,22959603,107488512,32833485,100009828,5214985
2026-07-27,14454552,58415973,65382089,274937407,5025762
2026-07-28,18143997,75913853,63694323,227304562,14205010
2026-07-29,36203193,93154775,81344260,482247702,12412352
2026-07-30,31791979,74326961,50353885,242298426,15183888
2026-07-31,31100240,144668807,50464900,414222166,15165984
2026-08-03,38649910,192268809,39105188,291271451,7657992
2026-08-04,24860019,125358922,45144070,154554311,6291001
2026-08-05,25662478,93382622,39987699,140378692,4792641
2026-08-06,21801977,67212277,25553923,199623572,6278527
2026-08-07,16319939,58259425,28419007,148233931,5222222
2026-08-10,15508724,53629555,25201362,149650782,5524919
2026-08-11,19558079,74286963,33413204,120335468,8499268
2026-08-12,27593015,65057854,33443066,106974043,9825422
2026-08-13,66424623,58154432,21499771,116473440,9335551
2026-08-14,30601060,56905091,75329330,91055676,37702067
2026-08-17,19842808,48563292,26917411,100082735,16577807
2026-08-18,23218078,120433806,52928312,179217011,10406309
2026-08-19,19773887,70727616,36756666,339866011,9479346
2026-08-20,19621298,92028319,28598752,178685384,10924357
2026-08-21,22326906,146890540,42935990,180377953,4667667
2026-08-24,29180102,362953456,46001232,158110022,8948895
2026-08-25,13032108,124296637,91016673,81489138,5219367
2026-08-26,14643242,133860910,30472291,142477417,5933692
2026-08-27,11487100,83206714,27630800,145686928,6749228
2026-08-28,27742475,73086522,33410203,85331331,6250794
2026-08-31,20149770,82619229,92013016,90434800,11554090
2026-09-01,20289781,99751649,52924730,86622519,8394925
2026-09-02,21341328,76466094,51240708,115694198,8549271
2026-09-03,17387096,69972408,31028252,117455962,9131339
2026-09-04,24025286,103698738,55906440,178857691,11991160
2026-09-07,10442987,40367117,21973574,172668949,5250096
2026-09-08,10414838,44150465,22046144,169791507,3290291
2026-09-09,17643957,46572012,31841713,120334499,7883560
2026-09-10,22333165,65902181,47472674,148663013,9515249
2026-09-11,15628379,56226973,25980880,113533443,8236378
2026-09-14,11363985,48442049,17247251,110183277,4505529
2026-09-15,21791117,47161376,14849739,77282311,4505065
2026-09-16,12686315,34061594,16747522,74216945,3399264
2026-09-17,16185147,50647519,27345155,89304650,5255350
2026-09-18,28796138,90084892,34129761,109848697,7325930
2026-09-21,19669333,54733772,18568630,137700004,4344505
2026-09-22,70723438,123942194,22983661,127872906,4695603
2026-09-23,22309793,86835983,15823418,126019027,4618879
2026-09-24,14277944,37259984,17525584,82395440,4667774
2026-09-25,9113746,28037888,17491240,78353485,6113882
2026-09-28,15335550,45286580,16879450,110319222,4345358
2026-09-29,18015236,57027476,33621755,146204949,6280581
2026-09-30,22634903,47287932,31983827,120214000,6470379
